month,department,line_item,type,budget,actual,owner,notes,real_issue
2024-07,Dept 1,Line 01,Revenue,95000.0,122800.0,,,0
2024-07,Dept 2,Line 02,Revenue,3165000.0,3370200.0,,,0
2024-07,Dept 3,Line 03,Revenue,2195000.0,2139300.0,,,0
2024-07,Dept 4,Line 04,Revenue,775000.0,1127000.0,,,1
2024-07,Dept 5,Line 05,Revenue,134000.0,126800.0,,,0
2024-07,Dept 6,Line 06,Revenue,6290000.0,6621600.0,,,0
2024-07,Dept 1,Line 07,Cost,6963000.0,6674400.0,,,0
2024-07,Dept 2,Line 08,Cost,969000.0,964000.0,,,0
2024-07,Dept 3,Line 09,Cost,922000.0,884600.0,,,0
2024-07,Dept 4,Line 10,Cost,153000.0,161400.0,,,0
2024-07,Dept 5,Line 11,Cost,32000.0,44400.0,,,0
2024-07,Dept 6,Line 12,Cost,377000.0,355100.0,,,0
2024-07,Dept 1,Line 13,Cost,1576000.0,1627700.0,,,0
2024-07,Dept 2,Line 14,Cost,50000.0,48400.0,,,0
2024-07,Dept 3,Line 15,Cost,6337000.0,6375700.0,,,0
2024-07,Dept 4,Line 16,Cost,149000.0,162900.0,,,0
2024-07,Dept 5,Line 17,Cost,150000.0,149400.0,,,0
2024-07,Dept 6,Line 18,Cost,42000.0,41900.0,,,0
2024-07,Dept 1,Line 19,Cost,24713000.0,24012600.0,,,0
2024-07,Dept 2,Line 20,Cost,4387000.0,4307500.0,,,0
2024-07,Dept 3,Line 21,Cost,10905000.0,10713200.0,,,0
2024-07,Dept 4,Line 22,Cost,1932000.0,1995900.0,,,0
2024-07,Dept 5,Line 23,Cost,40000.0,37100.0,,,0
2024-07,Dept 6,Line 24,Cost,284000.0,290700.0,,,0
2024-07,Dept 1,Line 25,Cost,877000.0,892600.0,,,0
2024-07,Dept 2,Line 26,Cost,69000.0,55700.0,,,0
2024-07,Dept 3,Line 27,Cost,18226000.0,19008400.0,,,0
2024-07,Dept 4,Line 28,Cost,370000.0,399200.0,,,0
2024-07,Dept 5,Line 29,Cost,89000.0,84800.0,,,0
2024-07,Dept 6,Line 30,Cost,7426000.0,6907400.0,,,0
2024-08,Dept 1,Line 01,Revenue,95000.0,75900.0,,,0
2024-08,Dept 2,Line 02,Revenue,3165000.0,3169500.0,,,0
2024-08,Dept 3,Line 03,Revenue,2195000.0,1176800.0,,,1
2024-08,Dept 4,Line 04,Revenue,775000.0,589400.0,,,1
2024-08,Dept 5,Line 05,Revenue,134000.0,109500.0,,,1
2024-08,Dept 6,Line 06,Revenue,6290000.0,6246800.0,,,0
2024-08,Dept 1,Line 07,Cost,6963000.0,6953200.0,,,0
2024-08,Dept 2,Line 08,Cost,969000.0,1164800.0,,,0
2024-08,Dept 3,Line 09,Cost,922000.0,972100.0,,,0
2024-08,Dept 4,Line 10,Cost,153000.0,154500.0,,,0
2024-08,Dept 5,Line 11,Cost,32000.0,37700.0,,,0
2024-08,Dept 6,Line 12,Cost,377000.0,349300.0,,,0
2024-08,Dept 1,Line 13,Cost,1576000.0,1607600.0,,,0
2024-08,Dept 2,Line 14,Cost,50000.0,43700.0,,,0
2024-08,Dept 3,Line 15,Cost,6337000.0,6341200.0,,,0
2024-08,Dept 4,Line 16,Cost,149000.0,147300.0,,,0
2024-08,Dept 5,Line 17,Cost,150000.0,165900.0,,,0
2024-08,Dept 6,Line 18,Cost,42000.0,43500.0,,,0
2024-08,Dept 1,Line 19,Cost,24713000.0,24055300.0,,,0
2024-08,Dept 2,Line 20,Cost,4387000.0,4318600.0,,,0
2024-08,Dept 3,Line 21,Cost,10905000.0,11098700.0,,,0
2024-08,Dept 4,Line 22,Cost,1932000.0,1908900.0,,,0
2024-08,Dept 5,Line 23,Cost,40000.0,47700.0,,,0
2024-08,Dept 6,Line 24,Cost,284000.0,287900.0,,,0
2024-08,Dept 1,Line 25,Cost,877000.0,856500.0,,,0
2024-08,Dept 2,Line 26,Cost,69000.0,63600.0,,,0
2024-08,Dept 3,Line 27,Cost,18226000.0,17713000.0,,,0
2024-08,Dept 4,Line 28,Cost,370000.0,370800.0,,,0
2024-08,Dept 5,Line 29,Cost,89000.0,70900.0,,,0
2024-08,Dept 6,Line 30,Cost,7426000.0,10363000.0,,,1
2024-09,Dept 1,Line 01,Revenue,95000.0,123600.0,,,1
2024-09,Dept 2,Line 02,Revenue,3165000.0,3086700.0,,,0
2024-09,Dept 3,Line 03,Revenue,2195000.0,2192500.0,,,0
2024-09,Dept 4,Line 04,Revenue,775000.0,588500.0,,,1
2024-09,Dept 5,Line 05,Revenue,134000.0,128800.0,,,0
2024-09,Dept 6,Line 06,Revenue,6290000.0,5706900.0,,,0
2024-09,Dept 1,Line 07,Cost,6963000.0,6756300.0,,,0
2024-09,Dept 2,Line 08,Cost,969000.0,842900.0,,,0
2024-09,Dept 3,Line 09,Cost,922000.0,915800.0,,,0
2024-09,Dept 4,Line 10,Cost,153000.0,148300.0,,,0
2024-09,Dept 5,Line 11,Cost,32000.0,44200.0,,,1
2024-09,Dept 6,Line 12,Cost,377000.0,397800.0,,,0
2024-09,Dept 1,Line 13,Cost,1576000.0,2260700.0,,,1
2024-09,Dept 2,Line 14,Cost,50000.0,70300.0,,,1
2024-09,Dept 3,Line 15,Cost,6337000.0,6086700.0,,,0
2024-09,Dept 4,Line 16,Cost,149000.0,147700.0,,,0
2024-09,Dept 5,Line 17,Cost,150000.0,162200.0,,,0
2024-09,Dept 6,Line 18,Cost,42000.0,44400.0,,,0
2024-09,Dept 1,Line 19,Cost,24713000.0,25363700.0,,,0
2024-09,Dept 2,Line 20,Cost,4387000.0,4130300.0,,,0
2024-09,Dept 3,Line 21,Cost,10905000.0,10526200.0,,,0
2024-09,Dept 4,Line 22,Cost,1932000.0,1990900.0,,,0
2024-09,Dept 5,Line 23,Cost,40000.0,47100.0,,,0
2024-09,Dept 6,Line 24,Cost,284000.0,297300.0,,,0
2024-09,Dept 1,Line 25,Cost,877000.0,971200.0,,,0
2024-09,Dept 2,Line 26,Cost,69000.0,55300.0,,,0
2024-09,Dept 3,Line 27,Cost,18226000.0,17515300.0,,,0
2024-09,Dept 4,Line 28,Cost,370000.0,319000.0,,,0
2024-09,Dept 5,Line 29,Cost,89000.0,90100.0,,,0
2024-09,Dept 6,Line 30,Cost,7426000.0,8087900.0,,,0
2024-10,Dept 1,Line 01,Revenue,95000.0,115000.0,,,0
2024-10,Dept 2,Line 02,Revenue,3165000.0,2381700.0,,,1
2024-10,Dept 3,Line 03,Revenue,2195000.0,2226100.0,,,0
2024-10,Dept 4,Line 04,Revenue,775000.0,821200.0,,,0
2024-10,Dept 5,Line 05,Revenue,134000.0,138400.0,,,0
2024-10,Dept 6,Line 06,Revenue,6290000.0,6172900.0,,,0
2024-10,Dept 1,Line 07,Cost,6963000.0,6994200.0,,,0
2024-10,Dept 2,Line 08,Cost,969000.0,988200.0,,,0
2024-10,Dept 3,Line 09,Cost,922000.0,986100.0,,,0
2024-10,Dept 4,Line 10,Cost,153000.0,150900.0,,,0
2024-10,Dept 5,Line 11,Cost,32000.0,46100.0,,,0
2024-10,Dept 6,Line 12,Cost,377000.0,386800.0,,,0
2024-10,Dept 1,Line 13,Cost,1576000.0,1546000.0,,,0
2024-10,Dept 2,Line 14,Cost,50000.0,44100.0,,,0
2024-10,Dept 3,Line 15,Cost,6337000.0,6219000.0,,,0
2024-10,Dept 4,Line 16,Cost,149000.0,136500.0,,,0
2024-10,Dept 5,Line 17,Cost,150000.0,152700.0,,,0
2024-10,Dept 6,Line 18,Cost,42000.0,45400.0,,,0
2024-10,Dept 1,Line 19,Cost,24713000.0,25579100.0,,,0
2024-10,Dept 2,Line 20,Cost,4387000.0,4432000.0,,,0
2024-10,Dept 3,Line 21,Cost,10905000.0,10876900.0,,,0
2024-10,Dept 4,Line 22,Cost,1932000.0,1927700.0,,,0
2024-10,Dept 5,Line 23,Cost,40000.0,54100.0,,,1
2024-10,Dept 6,Line 24,Cost,284000.0,286800.0,,,0
2024-10,Dept 1,Line 25,Cost,877000.0,927000.0,,,0
2024-10,Dept 2,Line 26,Cost,69000.0,75000.0,,,0
2024-10,Dept 3,Line 27,Cost,18226000.0,17957200.0,,,0
2024-10,Dept 4,Line 28,Cost,370000.0,381600.0,,,0
2024-10,Dept 5,Line 29,Cost,89000.0,84000.0,,,0
2024-10,Dept 6,Line 30,Cost,7426000.0,7408700.0,,,0
2024-11,Dept 1,Line 01,Revenue,95000.0,83400.0,,,0
2024-11,Dept 2,Line 02,Revenue,3165000.0,3136000.0,,,0
2024-11,Dept 3,Line 03,Revenue,2195000.0,2902700.0,,,1
2024-11,Dept 4,Line 04,Revenue,775000.0,858000.0,,,0
2024-11,Dept 5,Line 05,Revenue,134000.0,123500.0,,,0
2024-11,Dept 6,Line 06,Revenue,6290000.0,6720300.0,,,0
2024-11,Dept 1,Line 07,Cost,6963000.0,7150400.0,,,0
2024-11,Dept 2,Line 08,Cost,969000.0,832200.0,,,0
2024-11,Dept 3,Line 09,Cost,922000.0,945900.0,,,0
2024-11,Dept 4,Line 10,Cost,153000.0,146800.0,,,0
2024-11,Dept 5,Line 11,Cost,32000.0,35900.0,,,0
2024-11,Dept 6,Line 12,Cost,377000.0,387200.0,,,0
2024-11,Dept 1,Line 13,Cost,1576000.0,1586200.0,,,0
2024-11,Dept 2,Line 14,Cost,50000.0,60000.0,,,1
2024-11,Dept 3,Line 15,Cost,6337000.0,6181500.0,,,0
2024-11,Dept 4,Line 16,Cost,149000.0,133300.0,,,0
2024-11,Dept 5,Line 17,Cost,150000.0,163500.0,,,0
2024-11,Dept 6,Line 18,Cost,42000.0,38000.0,,,0
2024-11,Dept 1,Line 19,Cost,24713000.0,13381700.0,,,1
2024-11,Dept 2,Line 20,Cost,4387000.0,4545300.0,,,0
2024-11,Dept 3,Line 21,Cost,10905000.0,11007300.0,,,0
2024-11,Dept 4,Line 22,Cost,1932000.0,1987800.0,,,0
2024-11,Dept 5,Line 23,Cost,40000.0,50100.0,,,0
2024-11,Dept 6,Line 24,Cost,284000.0,308400.0,,,0
2024-11,Dept 1,Line 25,Cost,877000.0,774500.0,,,0
2024-11,Dept 2,Line 26,Cost,69000.0,73400.0,,,0
2024-11,Dept 3,Line 27,Cost,18226000.0,19463700.0,,,0
2024-11,Dept 4,Line 28,Cost,370000.0,435800.0,,,0
2024-11,Dept 5,Line 29,Cost,89000.0,65900.0,,,0
2024-11,Dept 6,Line 30,Cost,7426000.0,9208100.0,,,1
2024-12,Dept 1,Line 01,Revenue,95000.0,72600.0,,,0
2024-12,Dept 2,Line 02,Revenue,3165000.0,3032400.0,,,0
2024-12,Dept 3,Line 03,Revenue,2195000.0,2293700.0,,,0
2024-12,Dept 4,Line 04,Revenue,775000.0,742600.0,,,0
2024-12,Dept 5,Line 05,Revenue,134000.0,147600.0,,,0
2024-12,Dept 6,Line 06,Revenue,6290000.0,6286100.0,,,0
2024-12,Dept 1,Line 07,Cost,6963000.0,7158700.0,,,0
2024-12,Dept 2,Line 08,Cost,969000.0,919600.0,,,0
2024-12,Dept 3,Line 09,Cost,922000.0,962000.0,,,0
2024-12,Dept 4,Line 10,Cost,153000.0,166700.0,,,0
2024-12,Dept 5,Line 11,Cost,32000.0,32900.0,,,0
2024-12,Dept 6,Line 12,Cost,377000.0,382200.0,,,0
2024-12,Dept 1,Line 13,Cost,1576000.0,1668000.0,,,0
2024-12,Dept 2,Line 14,Cost,50000.0,52200.0,,,0
2024-12,Dept 3,Line 15,Cost,6337000.0,6614200.0,,,0
2024-12,Dept 4,Line 16,Cost,149000.0,142600.0,,,0
2024-12,Dept 5,Line 17,Cost,150000.0,156400.0,,,0
2024-12,Dept 6,Line 18,Cost,42000.0,45900.0,,,0
2024-12,Dept 1,Line 19,Cost,24713000.0,24928700.0,,,0
2024-12,Dept 2,Line 20,Cost,4387000.0,4096700.0,,,0
2024-12,Dept 3,Line 21,Cost,10905000.0,10520200.0,,,0
2024-12,Dept 4,Line 22,Cost,1932000.0,1964000.0,,,0
2024-12,Dept 5,Line 23,Cost,40000.0,56400.0,,,1
2024-12,Dept 6,Line 24,Cost,284000.0,296100.0,,,0
2024-12,Dept 1,Line 25,Cost,877000.0,768600.0,,,0
2024-12,Dept 2,Line 26,Cost,69000.0,99000.0,,,1
2024-12,Dept 3,Line 27,Cost,18226000.0,15976400.0,,,0
2024-12,Dept 4,Line 28,Cost,370000.0,322400.0,,,0
2024-12,Dept 5,Line 29,Cost,89000.0,86100.0,,,0
2024-12,Dept 6,Line 30,Cost,7426000.0,9197200.0,,,1
2025-01,Dept 1,Line 01,Revenue,95000.0,95000.0,,,0
2025-01,Dept 2,Line 02,Revenue,3165000.0,3046700.0,,,0
2025-01,Dept 3,Line 03,Revenue,2195000.0,2109300.0,,,0
2025-01,Dept 4,Line 04,Revenue,775000.0,775500.0,,,0
2025-01,Dept 5,Line 05,Revenue,134000.0,123600.0,,,0
2025-01,Dept 6,Line 06,Revenue,6290000.0,6443800.0,,,0
2025-01,Dept 1,Line 07,Cost,6963000.0,6346900.0,,,0
2025-01,Dept 2,Line 08,Cost,969000.0,993000.0,,,0
2025-01,Dept 3,Line 09,Cost,922000.0,903200.0,,,0
2025-01,Dept 4,Line 10,Cost,153000.0,167000.0,,,0
2025-01,Dept 5,Line 11,Cost,32000.0,40600.0,,,0
2025-01,Dept 6,Line 12,Cost,377000.0,371000.0,,,0
2025-01,Dept 1,Line 13,Cost,1576000.0,1618400.0,,,0
2025-01,Dept 2,Line 14,Cost,50000.0,48500.0,,,0
2025-01,Dept 3,Line 15,Cost,6337000.0,6164100.0,,,0
2025-01,Dept 4,Line 16,Cost,149000.0,142200.0,,,0
2025-01,Dept 5,Line 17,Cost,150000.0,140700.0,,,0
2025-01,Dept 6,Line 18,Cost,42000.0,52900.0,,,0
2025-01,Dept 1,Line 19,Cost,24713000.0,25254700.0,,,0
2025-01,Dept 2,Line 20,Cost,4387000.0,6034400.0,,,1
2025-01,Dept 3,Line 21,Cost,10905000.0,10422700.0,,,0
2025-01,Dept 4,Line 22,Cost,1932000.0,1963500.0,,,0
2025-01,Dept 5,Line 23,Cost,40000.0,33300.0,,,0
2025-01,Dept 6,Line 24,Cost,284000.0,259600.0,,,0
2025-01,Dept 1,Line 25,Cost,877000.0,880100.0,,,0
2025-01,Dept 2,Line 26,Cost,69000.0,51400.0,,,0
2025-01,Dept 3,Line 27,Cost,18226000.0,25502300.0,,,1
2025-01,Dept 4,Line 28,Cost,370000.0,377000.0,,,0
2025-01,Dept 5,Line 29,Cost,89000.0,110000.0,,,0
2025-01,Dept 6,Line 30,Cost,7426000.0,7247900.0,,,0
2025-02,Dept 1,Line 01,Revenue,95000.0,95600.0,,,0
2025-02,Dept 2,Line 02,Revenue,3165000.0,3808200.0,,,1
2025-02,Dept 3,Line 03,Revenue,2195000.0,2074000.0,,,0
2025-02,Dept 4,Line 04,Revenue,775000.0,690400.0,,,0
2025-02,Dept 5,Line 05,Revenue,134000.0,128800.0,,,0
2025-02,Dept 6,Line 06,Revenue,6290000.0,6263200.0,,,0
2025-02,Dept 1,Line 07,Cost,6963000.0,7088300.0,,,0
2025-02,Dept 2,Line 08,Cost,969000.0,1084100.0,,,0
2025-02,Dept 3,Line 09,Cost,922000.0,926700.0,,,0
2025-02,Dept 4,Line 10,Cost,153000.0,169500.0,,,0
2025-02,Dept 5,Line 11,Cost,32000.0,22600.0,,,0
2025-02,Dept 6,Line 12,Cost,377000.0,351200.0,,,0
2025-02,Dept 1,Line 13,Cost,1576000.0,1629400.0,,,0
2025-02,Dept 2,Line 14,Cost,50000.0,50400.0,,,0
2025-02,Dept 3,Line 15,Cost,6337000.0,8471000.0,,,1
2025-02,Dept 4,Line 16,Cost,149000.0,151100.0,,,0
2025-02,Dept 5,Line 17,Cost,150000.0,134300.0,,,0
2025-02,Dept 6,Line 18,Cost,42000.0,59100.0,,,0
2025-02,Dept 1,Line 19,Cost,24713000.0,25941600.0,,,0
2025-02,Dept 2,Line 20,Cost,4387000.0,4283900.0,,,0
2025-02,Dept 3,Line 21,Cost,10905000.0,10855100.0,,,0
2025-02,Dept 4,Line 22,Cost,1932000.0,1889300.0,,,0
2025-02,Dept 5,Line 23,Cost,40000.0,27900.0,,,1
2025-02,Dept 6,Line 24,Cost,284000.0,319900.0,,,0
2025-02,Dept 1,Line 25,Cost,877000.0,912600.0,,,0
2025-02,Dept 2,Line 26,Cost,69000.0,77600.0,,,0
2025-02,Dept 3,Line 27,Cost,18226000.0,17730900.0,,,0
2025-02,Dept 4,Line 28,Cost,370000.0,377600.0,,,0
2025-02,Dept 5,Line 29,Cost,89000.0,67100.0,,,0
2025-02,Dept 6,Line 30,Cost,7426000.0,7632300.0,,,0
2025-03,Dept 1,Line 01,Revenue,95000.0,79700.0,,,0
2025-03,Dept 2,Line 02,Revenue,3165000.0,3123200.0,,,0
2025-03,Dept 3,Line 03,Revenue,2195000.0,2168600.0,,,0
2025-03,Dept 4,Line 04,Revenue,775000.0,827300.0,,,0
2025-03,Dept 5,Line 05,Revenue,134000.0,108600.0,,,1
2025-03,Dept 6,Line 06,Revenue,6290000.0,6096300.0,,,0
2025-03,Dept 1,Line 07,Cost,6963000.0,7316000.0,,,0
2025-03,Dept 2,Line 08,Cost,969000.0,848500.0,,,0
2025-03,Dept 3,Line 09,Cost,922000.0,959000.0,,,0
2025-03,Dept 4,Line 10,Cost,153000.0,149900.0,,,0
2025-03,Dept 5,Line 11,Cost,32000.0,39600.0,,,0
2025-03,Dept 6,Line 12,Cost,377000.0,350300.0,,,0
2025-03,Dept 1,Line 13,Cost,1576000.0,1583000.0,,,0
2025-03,Dept 2,Line 14,Cost,50000.0,58300.0,,,0
2025-03,Dept 3,Line 15,Cost,6337000.0,6640200.0,,,0
2025-03,Dept 4,Line 16,Cost,149000.0,172900.0,,,0
2025-03,Dept 5,Line 17,Cost,150000.0,144500.0,,,0
2025-03,Dept 6,Line 18,Cost,42000.0,38500.0,,,0
2025-03,Dept 1,Line 19,Cost,24713000.0,25566500.0,,,0
2025-03,Dept 2,Line 20,Cost,4387000.0,4192100.0,,,0
2025-03,Dept 3,Line 21,Cost,10905000.0,11278600.0,,,0
2025-03,Dept 4,Line 22,Cost,1932000.0,1961200.0,,,0
2025-03,Dept 5,Line 23,Cost,40000.0,30500.0,,,0
2025-03,Dept 6,Line 24,Cost,284000.0,317400.0,,,0
2025-03,Dept 1,Line 25,Cost,877000.0,770100.0,,,0
2025-03,Dept 2,Line 26,Cost,69000.0,49700.0,,,0
2025-03,Dept 3,Line 27,Cost,18226000.0,18230900.0,,,0
2025-03,Dept 4,Line 28,Cost,370000.0,352300.0,,,0
2025-03,Dept 5,Line 29,Cost,89000.0,74900.0,,,0
2025-03,Dept 6,Line 30,Cost,7426000.0,7627600.0,,,0
2025-04,Dept 1,Line 01,Revenue,95000.0,80500.0,,,1
2025-04,Dept 2,Line 02,Revenue,3165000.0,3125200.0,,,0
2025-04,Dept 3,Line 03,Revenue,2195000.0,2275300.0,,,0
2025-04,Dept 4,Line 04,Revenue,775000.0,822700.0,,,0
2025-04,Dept 5,Line 05,Revenue,134000.0,131400.0,,,0
2025-04,Dept 6,Line 06,Revenue,6290000.0,6037500.0,,,0
2025-04,Dept 1,Line 07,Cost,6963000.0,7155600.0,,,0
2025-04,Dept 2,Line 08,Cost,969000.0,1016800.0,,,0
2025-04,Dept 3,Line 09,Cost,922000.0,978400.0,,,0
2025-04,Dept 4,Line 10,Cost,153000.0,151800.0,,,0
2025-04,Dept 5,Line 11,Cost,32000.0,28700.0,,,0
2025-04,Dept 6,Line 12,Cost,377000.0,321300.0,,,0
2025-04,Dept 1,Line 13,Cost,1576000.0,1630100.0,,,0
2025-04,Dept 2,Line 14,Cost,50000.0,46700.0,,,0
2025-04,Dept 3,Line 15,Cost,6337000.0,4974800.0,,,1
2025-04,Dept 4,Line 16,Cost,149000.0,89000.0,,,1
2025-04,Dept 5,Line 17,Cost,150000.0,136300.0,,,0
2025-04,Dept 6,Line 18,Cost,42000.0,37700.0,,,0
2025-04,Dept 1,Line 19,Cost,24713000.0,24278900.0,,,0
2025-04,Dept 2,Line 20,Cost,4387000.0,4313100.0,,,0
2025-04,Dept 3,Line 21,Cost,10905000.0,11242500.0,,,0
2025-04,Dept 4,Line 22,Cost,1932000.0,1903200.0,,,0
2025-04,Dept 5,Line 23,Cost,40000.0,29900.0,,,0
2025-04,Dept 6,Line 24,Cost,284000.0,308400.0,,,0
2025-04,Dept 1,Line 25,Cost,877000.0,870200.0,,,0
2025-04,Dept 2,Line 26,Cost,69000.0,59800.0,,,0
2025-04,Dept 3,Line 27,Cost,18226000.0,16869100.0,,,0
2025-04,Dept 4,Line 28,Cost,370000.0,394500.0,,,0
2025-04,Dept 5,Line 29,Cost,89000.0,124000.0,,,0
2025-04,Dept 6,Line 30,Cost,7426000.0,7279200.0,,,0
2025-05,Dept 1,Line 01,Revenue,95000.0,97400.0,,,0
2025-05,Dept 2,Line 02,Revenue,3165000.0,3085500.0,,,0
2025-05,Dept 3,Line 03,Revenue,2195000.0,2336300.0,,,0
2025-05,Dept 4,Line 04,Revenue,775000.0,681700.0,,,0
2025-05,Dept 5,Line 05,Revenue,134000.0,110600.0,,,0
2025-05,Dept 6,Line 06,Revenue,6290000.0,6336600.0,,,0
2025-05,Dept 1,Line 07,Cost,6963000.0,7328500.0,,,0
2025-05,Dept 2,Line 08,Cost,969000.0,702700.0,,,1
2025-05,Dept 3,Line 09,Cost,922000.0,1320900.0,,,1
2025-05,Dept 4,Line 10,Cost,153000.0,158800.0,,,0
2025-05,Dept 5,Line 11,Cost,32000.0,27400.0,,,0
2025-05,Dept 6,Line 12,Cost,377000.0,358200.0,,,0
2025-05,Dept 1,Line 13,Cost,1576000.0,1596600.0,,,0
2025-05,Dept 2,Line 14,Cost,50000.0,57000.0,,,0
2025-05,Dept 3,Line 15,Cost,6337000.0,6843900.0,,,0
2025-05,Dept 4,Line 16,Cost,149000.0,160000.0,,,0
2025-05,Dept 5,Line 17,Cost,150000.0,146400.0,,,0
2025-05,Dept 6,Line 18,Cost,42000.0,47400.0,,,0
2025-05,Dept 1,Line 19,Cost,24713000.0,21413000.0,,,1
2025-05,Dept 2,Line 20,Cost,4387000.0,4396800.0,,,0
2025-05,Dept 3,Line 21,Cost,10905000.0,11303000.0,,,0
2025-05,Dept 4,Line 22,Cost,1932000.0,1884200.0,,,0
2025-05,Dept 5,Line 23,Cost,40000.0,33200.0,,,0
2025-05,Dept 6,Line 24,Cost,284000.0,271400.0,,,0
2025-05,Dept 1,Line 25,Cost,877000.0,966000.0,,,0
2025-05,Dept 2,Line 26,Cost,69000.0,69300.0,,,0
2025-05,Dept 3,Line 27,Cost,18226000.0,17194200.0,,,0
2025-05,Dept 4,Line 28,Cost,370000.0,331600.0,,,0
2025-05,Dept 5,Line 29,Cost,89000.0,50300.0,,,0
2025-05,Dept 6,Line 30,Cost,7426000.0,7820500.0,,,0
2025-06,Dept 1,Line 01,Revenue,95000.0,110400.0,,,0
2025-06,Dept 2,Line 02,Revenue,3165000.0,3026100.0,,,0
2025-06,Dept 3,Line 03,Revenue,2195000.0,2245300.0,,,0
2025-06,Dept 4,Line 04,Revenue,775000.0,834100.0,,,0
2025-06,Dept 5,Line 05,Revenue,134000.0,122500.0,,,0
2025-06,Dept 6,Line 06,Revenue,6290000.0,6113300.0,,,0
2025-06,Dept 1,Line 07,Cost,6963000.0,7667500.0,,,0
2025-06,Dept 2,Line 08,Cost,969000.0,938500.0,,,0
2025-06,Dept 3,Line 09,Cost,922000.0,838800.0,,,0
2025-06,Dept 4,Line 10,Cost,153000.0,154800.0,,,0
2025-06,Dept 5,Line 11,Cost,32000.0,27800.0,,,0
2025-06,Dept 6,Line 12,Cost,377000.0,358700.0,,,0
2025-06,Dept 1,Line 13,Cost,1576000.0,1489600.0,,,0
2025-06,Dept 2,Line 14,Cost,50000.0,48600.0,,,0
2025-06,Dept 3,Line 15,Cost,6337000.0,6355600.0,,,0
2025-06,Dept 4,Line 16,Cost,149000.0,154800.0,,,0
2025-06,Dept 5,Line 17,Cost,150000.0,166900.0,,,0
2025-06,Dept 6,Line 18,Cost,42000.0,31800.0,,,0
2025-06,Dept 1,Line 19,Cost,24713000.0,23294300.0,,,0
2025-06,Dept 2,Line 20,Cost,4387000.0,4435300.0,,,0
2025-06,Dept 3,Line 21,Cost,10905000.0,10810300.0,,,0
2025-06,Dept 4,Line 22,Cost,1932000.0,2696700.0,,,1
2025-06,Dept 5,Line 23,Cost,40000.0,40500.0,,,0
2025-06,Dept 6,Line 24,Cost,284000.0,298500.0,,,0
2025-06,Dept 1,Line 25,Cost,877000.0,894700.0,,,0
2025-06,Dept 2,Line 26,Cost,69000.0,90100.0,,,0
2025-06,Dept 3,Line 27,Cost,18226000.0,18029400.0,,,0
2025-06,Dept 4,Line 28,Cost,370000.0,326400.0,,,0
2025-06,Dept 5,Line 29,Cost,89000.0,99600.0,,,0
2025-06,Dept 6,Line 30,Cost,7426000.0,7148300.0,,,0
2025-07,Dept 1,Line 01,Revenue,95000.0,103400.0,,,0
2025-07,Dept 2,Line 02,Revenue,3165000.0,3276000.0,,,0
2025-07,Dept 3,Line 03,Revenue,2195000.0,2246000.0,,,0
2025-07,Dept 4,Line 04,Revenue,775000.0,784700.0,,,0
2025-07,Dept 5,Line 05,Revenue,134000.0,126800.0,,,0
2025-07,Dept 6,Line 06,Revenue,6290000.0,6074600.0,,,0
2025-07,Dept 1,Line 07,Cost,6963000.0,6733800.0,,,0
2025-07,Dept 2,Line 08,Cost,969000.0,1065600.0,,,0
2025-07,Dept 3,Line 09,Cost,922000.0,937500.0,,,0
2025-07,Dept 4,Line 10,Cost,153000.0,158400.0,,,0
2025-07,Dept 5,Line 11,Cost,32000.0,25800.0,,,0
2025-07,Dept 6,Line 12,Cost,377000.0,406800.0,,,0
2025-07,Dept 1,Line 13,Cost,1576000.0,1549800.0,,,0
2025-07,Dept 2,Line 14,Cost,50000.0,50500.0,,,0
2025-07,Dept 3,Line 15,Cost,6337000.0,6343500.0,,,0
2025-07,Dept 4,Line 16,Cost,149000.0,116600.0,,,0
2025-07,Dept 5,Line 17,Cost,150000.0,141200.0,,,0
2025-07,Dept 6,Line 18,Cost,42000.0,48900.0,,,0
2025-07,Dept 1,Line 19,Cost,24713000.0,23552900.0,,,0
2025-07,Dept 2,Line 20,Cost,4387000.0,4539800.0,,,0
2025-07,Dept 3,Line 21,Cost,10905000.0,11490100.0,,,0
2025-07,Dept 4,Line 22,Cost,1932000.0,1839500.0,,,0
2025-07,Dept 5,Line 23,Cost,40000.0,52100.0,,,0
2025-07,Dept 6,Line 24,Cost,284000.0,297500.0,,,0
2025-07,Dept 1,Line 25,Cost,877000.0,822000.0,,,0
2025-07,Dept 2,Line 26,Cost,69000.0,70700.0,,,0
2025-07,Dept 3,Line 27,Cost,18226000.0,18545600.0,,,0
2025-07,Dept 4,Line 28,Cost,370000.0,304100.0,,,0
2025-07,Dept 5,Line 29,Cost,89000.0,67800.0,,,0
2025-07,Dept 6,Line 30,Cost,7426000.0,8025700.0,,,0
2025-08,Dept 1,Line 01,Revenue,95000.0,75500.0,,,0
2025-08,Dept 2,Line 02,Revenue,3165000.0,3334800.0,,,0
2025-08,Dept 3,Line 03,Revenue,2195000.0,1983400.0,,,0
2025-08,Dept 4,Line 04,Revenue,775000.0,827400.0,,,0
2025-08,Dept 5,Line 05,Revenue,134000.0,122000.0,,,0
2025-08,Dept 6,Line 06,Revenue,6290000.0,5818800.0,,,0
2025-08,Dept 1,Line 07,Cost,6963000.0,7149800.0,,,0
2025-08,Dept 2,Line 08,Cost,969000.0,768000.0,,,0
2025-08,Dept 3,Line 09,Cost,922000.0,914300.0,,,0
2025-08,Dept 4,Line 10,Cost,153000.0,174300.0,,,0
2025-08,Dept 5,Line 11,Cost,32000.0,35500.0,,,0
2025-08,Dept 6,Line 12,Cost,377000.0,368400.0,,,0
2025-08,Dept 1,Line 13,Cost,1576000.0,1650000.0,,,0
2025-08,Dept 2,Line 14,Cost,50000.0,47700.0,,,0
2025-08,Dept 3,Line 15,Cost,6337000.0,6339100.0,,,0
2025-08,Dept 4,Line 16,Cost,149000.0,142300.0,,,0
2025-08,Dept 5,Line 17,Cost,150000.0,180200.0,,,0
2025-08,Dept 6,Line 18,Cost,42000.0,38200.0,,,0
2025-08,Dept 1,Line 19,Cost,24713000.0,24827500.0,,,0
2025-08,Dept 2,Line 20,Cost,4387000.0,4526600.0,,,0
2025-08,Dept 3,Line 21,Cost,10905000.0,10887400.0,,,0
2025-08,Dept 4,Line 22,Cost,1932000.0,1907100.0,,,0
2025-08,Dept 5,Line 23,Cost,40000.0,39200.0,,,0
2025-08,Dept 6,Line 24,Cost,284000.0,254700.0,,,0
2025-08,Dept 1,Line 25,Cost,877000.0,954300.0,,,0
2025-08,Dept 2,Line 26,Cost,69000.0,78100.0,,,0
2025-08,Dept 3,Line 27,Cost,18226000.0,19206500.0,,,0
2025-08,Dept 4,Line 28,Cost,370000.0,348700.0,,,0
2025-08,Dept 5,Line 29,Cost,89000.0,73300.0,,,0
2025-08,Dept 6,Line 30,Cost,7426000.0,7453500.0,,,0
2025-09,Dept 1,Line 01,Revenue,95000.0,127600.0,,,1
2025-09,Dept 2,Line 02,Revenue,3165000.0,3322300.0,,,0
2025-09,Dept 3,Line 03,Revenue,2195000.0,2173300.0,,,0
2025-09,Dept 4,Line 04,Revenue,775000.0,748200.0,,,0
2025-09,Dept 5,Line 05,Revenue,134000.0,117800.0,,,0
2025-09,Dept 6,Line 06,Revenue,6290000.0,3932500.0,,,1
2025-09,Dept 1,Line 07,Cost,6963000.0,6934700.0,,,0
2025-09,Dept 2,Line 08,Cost,969000.0,928500.0,,,0
2025-09,Dept 3,Line 09,Cost,922000.0,978200.0,,,0
2025-09,Dept 4,Line 10,Cost,153000.0,155200.0,,,0
2025-09,Dept 5,Line 11,Cost,32000.0,21900.0,,,0
2025-09,Dept 6,Line 12,Cost,377000.0,369400.0,,,0
2025-09,Dept 1,Line 13,Cost,1576000.0,1538100.0,,,0
2025-09,Dept 2,Line 14,Cost,50000.0,35300.0,,,0
2025-09,Dept 3,Line 15,Cost,6337000.0,5899000.0,,,0
2025-09,Dept 4,Line 16,Cost,149000.0,152300.0,,,0
2025-09,Dept 5,Line 17,Cost,150000.0,134300.0,,,0
2025-09,Dept 6,Line 18,Cost,42000.0,31000.0,,,0
2025-09,Dept 1,Line 19,Cost,24713000.0,24831400.0,,,0
2025-09,Dept 2,Line 20,Cost,4387000.0,4487300.0,,,0
2025-09,Dept 3,Line 21,Cost,10905000.0,10229500.0,,,0
2025-09,Dept 4,Line 22,Cost,1932000.0,1787100.0,,,0
2025-09,Dept 5,Line 23,Cost,40000.0,34500.0,,,0
2025-09,Dept 6,Line 24,Cost,284000.0,286200.0,,,0
2025-09,Dept 1,Line 25,Cost,877000.0,875700.0,,,0
2025-09,Dept 2,Line 26,Cost,69000.0,72600.0,,,0
2025-09,Dept 3,Line 27,Cost,18226000.0,18497300.0,,,0
2025-09,Dept 4,Line 28,Cost,370000.0,435900.0,,,0
2025-09,Dept 5,Line 29,Cost,89000.0,118300.0,,,0
2025-09,Dept 6,Line 30,Cost,7426000.0,7217500.0,,,0
2025-10,Dept 1,Line 01,Revenue,95000.0,105800.0,,,0
2025-10,Dept 2,Line 02,Revenue,3165000.0,3250500.0,,,0
2025-10,Dept 3,Line 03,Revenue,2195000.0,2168900.0,,,0
2025-10,Dept 4,Line 04,Revenue,775000.0,833400.0,,,0
2025-10,Dept 5,Line 05,Revenue,134000.0,142400.0,,,0
2025-10,Dept 6,Line 06,Revenue,6290000.0,6736100.0,,,0
2025-10,Dept 1,Line 07,Cost,6963000.0,7119700.0,,,0
2025-10,Dept 2,Line 08,Cost,969000.0,926300.0,,,0
2025-10,Dept 3,Line 09,Cost,922000.0,855400.0,,,0
2025-10,Dept 4,Line 10,Cost,153000.0,147100.0,,,0
2025-10,Dept 5,Line 11,Cost,32000.0,32400.0,,,0
2025-10,Dept 6,Line 12,Cost,377000.0,380300.0,,,0
2025-10,Dept 1,Line 13,Cost,1576000.0,1587300.0,,,0
2025-10,Dept 2,Line 14,Cost,50000.0,45000.0,,,0
2025-10,Dept 3,Line 15,Cost,6337000.0,5864500.0,,,0
2025-10,Dept 4,Line 16,Cost,149000.0,145500.0,,,0
2025-10,Dept 5,Line 17,Cost,150000.0,145900.0,,,0
2025-10,Dept 6,Line 18,Cost,42000.0,38600.0,,,0
2025-10,Dept 1,Line 19,Cost,24713000.0,25806000.0,,,0
2025-10,Dept 2,Line 20,Cost,4387000.0,4439900.0,,,0
2025-10,Dept 3,Line 21,Cost,10905000.0,10598400.0,,,0
2025-10,Dept 4,Line 22,Cost,1932000.0,1959100.0,,,0
2025-10,Dept 5,Line 23,Cost,40000.0,45400.0,,,0
2025-10,Dept 6,Line 24,Cost,284000.0,285900.0,,,0
2025-10,Dept 1,Line 25,Cost,877000.0,934800.0,,,0
2025-10,Dept 2,Line 26,Cost,69000.0,73600.0,,,0
2025-10,Dept 3,Line 27,Cost,18226000.0,18743500.0,,,0
2025-10,Dept 4,Line 28,Cost,370000.0,411600.0,,,0
2025-10,Dept 5,Line 29,Cost,89000.0,59800.0,,,0
2025-10,Dept 6,Line 30,Cost,7426000.0,7479700.0,,,0
2025-11,Dept 1,Line 01,Revenue,95000.0,105600.0,,,0
2025-11,Dept 2,Line 02,Revenue,3165000.0,2978200.0,,,0
2025-11,Dept 3,Line 03,Revenue,2195000.0,2170000.0,,,0
2025-11,Dept 4,Line 04,Revenue,775000.0,792300.0,,,0
2025-11,Dept 5,Line 05,Revenue,134000.0,136300.0,,,0
2025-11,Dept 6,Line 06,Revenue,6290000.0,5794700.0,,,0
2025-11,Dept 1,Line 07,Cost,6963000.0,6191600.0,,,0
2025-11,Dept 2,Line 08,Cost,969000.0,1005500.0,,,0
2025-11,Dept 3,Line 09,Cost,922000.0,799100.0,,,0
2025-11,Dept 4,Line 10,Cost,153000.0,143200.0,,,0
2025-11,Dept 5,Line 11,Cost,32000.0,25900.0,,,0
2025-11,Dept 6,Line 12,Cost,377000.0,409300.0,,,0
2025-11,Dept 1,Line 13,Cost,1576000.0,1211500.0,,,1
2025-11,Dept 2,Line 14,Cost,50000.0,50500.0,,,0
2025-11,Dept 3,Line 15,Cost,6337000.0,7639300.0,,,1
2025-11,Dept 4,Line 16,Cost,149000.0,146900.0,,,0
2025-11,Dept 5,Line 17,Cost,150000.0,136100.0,,,1
2025-11,Dept 6,Line 18,Cost,42000.0,48800.0,,,0
2025-11,Dept 1,Line 19,Cost,24713000.0,23987200.0,,,0
2025-11,Dept 2,Line 20,Cost,4387000.0,4238900.0,,,0
2025-11,Dept 3,Line 21,Cost,10905000.0,10042000.0,,,0
2025-11,Dept 4,Line 22,Cost,1932000.0,2071700.0,,,0
2025-11,Dept 5,Line 23,Cost,40000.0,21700.0,,,0
2025-11,Dept 6,Line 24,Cost,284000.0,261800.0,,,0
2025-11,Dept 1,Line 25,Cost,877000.0,978200.0,,,0
2025-11,Dept 2,Line 26,Cost,69000.0,42800.0,,,0
2025-11,Dept 3,Line 27,Cost,18226000.0,16656500.0,,,0
2025-11,Dept 4,Line 28,Cost,370000.0,382300.0,,,0
2025-11,Dept 5,Line 29,Cost,89000.0,102500.0,,,0
2025-11,Dept 6,Line 30,Cost,7426000.0,7402900.0,,,0
2025-12,Dept 1,Line 01,Revenue,95000.0,116800.0,,,0
2025-12,Dept 2,Line 02,Revenue,3165000.0,3080500.0,,,0
2025-12,Dept 3,Line 03,Revenue,2195000.0,2121900.0,,,0
2025-12,Dept 4,Line 04,Revenue,775000.0,846000.0,,,0
2025-12,Dept 5,Line 05,Revenue,134000.0,80000.0,,,1
2025-12,Dept 6,Line 06,Revenue,6290000.0,6611700.0,,,0
2025-12,Dept 1,Line 07,Cost,6963000.0,7428300.0,,,0
2025-12,Dept 2,Line 08,Cost,969000.0,1051500.0,,,0
2025-12,Dept 3,Line 09,Cost,922000.0,932900.0,,,0
2025-12,Dept 4,Line 10,Cost,153000.0,128100.0,,,0
2025-12,Dept 5,Line 11,Cost,32000.0,33900.0,,,0
2025-12,Dept 6,Line 12,Cost,377000.0,362800.0,,,0
2025-12,Dept 1,Line 13,Cost,1576000.0,1643200.0,,,0
2025-12,Dept 2,Line 14,Cost,50000.0,39300.0,,,0
2025-12,Dept 3,Line 15,Cost,6337000.0,6178900.0,,,0
2025-12,Dept 4,Line 16,Cost,149000.0,159600.0,,,0
2025-12,Dept 5,Line 17,Cost,150000.0,156100.0,,,0
2025-12,Dept 6,Line 18,Cost,42000.0,53600.0,,,0
2025-12,Dept 1,Line 19,Cost,24713000.0,23844400.0,,,0
2025-12,Dept 2,Line 20,Cost,4387000.0,4274700.0,,,0
2025-12,Dept 3,Line 21,Cost,10905000.0,10681000.0,,,0
2025-12,Dept 4,Line 22,Cost,1932000.0,1915200.0,,,0
2025-12,Dept 5,Line 23,Cost,40000.0,34600.0,,,0
2025-12,Dept 6,Line 24,Cost,284000.0,291400.0,,,0
2025-12,Dept 1,Line 25,Cost,877000.0,893500.0,,,0
2025-12,Dept 2,Line 26,Cost,69000.0,65200.0,,,0
2025-12,Dept 3,Line 27,Cost,18226000.0,17585700.0,,,0
2025-12,Dept 4,Line 28,Cost,370000.0,459200.0,,,1
2025-12,Dept 5,Line 29,Cost,89000.0,72100.0,,,0
2025-12,Dept 6,Line 30,Cost,7426000.0,7290500.0,,,0
2026-01,Dept 1,Line 01,Revenue,95000.0,83700.0,,,0
2026-01,Dept 2,Line 02,Revenue,3165000.0,3048200.0,,,0
2026-01,Dept 3,Line 03,Revenue,2195000.0,2121600.0,,,0
2026-01,Dept 4,Line 04,Revenue,775000.0,826800.0,,,0
2026-01,Dept 5,Line 05,Revenue,134000.0,103200.0,,,0
2026-01,Dept 6,Line 06,Revenue,6290000.0,6063900.0,,,0
2026-01,Dept 1,Line 07,Cost,6963000.0,7053500.0,,,0
2026-01,Dept 2,Line 08,Cost,969000.0,1103400.0,,,0
2026-01,Dept 3,Line 09,Cost,922000.0,884300.0,,,0
2026-01,Dept 4,Line 10,Cost,153000.0,158200.0,,,0
2026-01,Dept 5,Line 11,Cost,32000.0,35400.0,,,1
2026-01,Dept 6,Line 12,Cost,377000.0,384500.0,,,0
2026-01,Dept 1,Line 13,Cost,1576000.0,1670600.0,,,0
2026-01,Dept 2,Line 14,Cost,50000.0,59500.0,,,0
2026-01,Dept 3,Line 15,Cost,6337000.0,6454400.0,,,0
2026-01,Dept 4,Line 16,Cost,149000.0,146300.0,,,0
2026-01,Dept 5,Line 17,Cost,150000.0,139900.0,,,0
2026-01,Dept 6,Line 18,Cost,42000.0,36900.0,,,0
2026-01,Dept 1,Line 19,Cost,24713000.0,26977600.0,,,0
2026-01,Dept 2,Line 20,Cost,4387000.0,4241400.0,,,0
2026-01,Dept 3,Line 21,Cost,10905000.0,10975600.0,,,0
2026-01,Dept 4,Line 22,Cost,1932000.0,1945600.0,,,0
2026-01,Dept 5,Line 23,Cost,40000.0,32000.0,,,0
2026-01,Dept 6,Line 24,Cost,284000.0,280500.0,,,0
2026-01,Dept 1,Line 25,Cost,877000.0,908400.0,,,0
2026-01,Dept 2,Line 26,Cost,69000.0,75300.0,,,0
2026-01,Dept 3,Line 27,Cost,18226000.0,19423900.0,,,0
2026-01,Dept 4,Line 28,Cost,370000.0,428600.0,,,0
2026-01,Dept 5,Line 29,Cost,89000.0,59900.0,,,0
2026-01,Dept 6,Line 30,Cost,7426000.0,9655300.0,,,1
2026-02,Dept 1,Line 01,Revenue,95000.0,112000.0,,,0
2026-02,Dept 2,Line 02,Revenue,3165000.0,3089400.0,,,0
2026-02,Dept 3,Line 03,Revenue,2195000.0,2259100.0,,,0
2026-02,Dept 4,Line 04,Revenue,775000.0,855200.0,,,0
2026-02,Dept 5,Line 05,Revenue,134000.0,130400.0,,,0
2026-02,Dept 6,Line 06,Revenue,6290000.0,6063700.0,,,0
2026-02,Dept 1,Line 07,Cost,6963000.0,3618700.0,,,1
2026-02,Dept 2,Line 08,Cost,969000.0,786000.0,,,0
2026-02,Dept 3,Line 09,Cost,922000.0,913800.0,,,0
2026-02,Dept 4,Line 10,Cost,153000.0,163900.0,,,0
2026-02,Dept 5,Line 11,Cost,32000.0,34700.0,,,0
2026-02,Dept 6,Line 12,Cost,377000.0,394800.0,,,0
2026-02,Dept 1,Line 13,Cost,1576000.0,1737800.0,,,1
2026-02,Dept 2,Line 14,Cost,50000.0,62100.0,,,0
2026-02,Dept 3,Line 15,Cost,6337000.0,6145600.0,,,0
2026-02,Dept 4,Line 16,Cost,149000.0,143300.0,,,0
2026-02,Dept 5,Line 17,Cost,150000.0,196400.0,,,1
2026-02,Dept 6,Line 18,Cost,42000.0,37500.0,,,1
2026-02,Dept 1,Line 19,Cost,24713000.0,24684800.0,,,0
2026-02,Dept 2,Line 20,Cost,4387000.0,4162300.0,,,0
2026-02,Dept 3,Line 21,Cost,10905000.0,11063500.0,,,0
2026-02,Dept 4,Line 22,Cost,1932000.0,1959900.0,,,0
2026-02,Dept 5,Line 23,Cost,40000.0,33100.0,,,0
2026-02,Dept 6,Line 24,Cost,284000.0,309700.0,,,0
2026-02,Dept 1,Line 25,Cost,877000.0,995800.0,,,0
2026-02,Dept 2,Line 26,Cost,69000.0,52800.0,,,0
2026-02,Dept 3,Line 27,Cost,18226000.0,18025400.0,,,0
2026-02,Dept 4,Line 28,Cost,370000.0,357300.0,,,0
2026-02,Dept 5,Line 29,Cost,89000.0,98000.0,,,0
2026-02,Dept 6,Line 30,Cost,7426000.0,6996100.0,,,0
2026-03,Dept 1,Line 01,Revenue,95000.0,108300.0,,,0
2026-03,Dept 2,Line 02,Revenue,3165000.0,3170500.0,,,0
2026-03,Dept 3,Line 03,Revenue,2195000.0,2300200.0,,,0
2026-03,Dept 4,Line 04,Revenue,775000.0,828000.0,,,0
2026-03,Dept 5,Line 05,Revenue,134000.0,143900.0,,,0
2026-03,Dept 6,Line 06,Revenue,6290000.0,6324100.0,,,0
2026-03,Dept 1,Line 07,Cost,6963000.0,7309400.0,,,0
2026-03,Dept 2,Line 08,Cost,969000.0,1168100.0,,,0
2026-03,Dept 3,Line 09,Cost,922000.0,888000.0,,,0
2026-03,Dept 4,Line 10,Cost,153000.0,215500.0,,,1
2026-03,Dept 5,Line 11,Cost,32000.0,37900.0,,,0
2026-03,Dept 6,Line 12,Cost,377000.0,404200.0,,,0
2026-03,Dept 1,Line 13,Cost,1576000.0,1523400.0,,,0
2026-03,Dept 2,Line 14,Cost,50000.0,49000.0,,,0
2026-03,Dept 3,Line 15,Cost,6337000.0,9311000.0,,,1
2026-03,Dept 4,Line 16,Cost,149000.0,162100.0,,,0
2026-03,Dept 5,Line 17,Cost,150000.0,140300.0,,,0
2026-03,Dept 6,Line 18,Cost,42000.0,51300.0,,,0
2026-03,Dept 1,Line 19,Cost,24713000.0,23181600.0,,,0
2026-03,Dept 2,Line 20,Cost,4387000.0,4718500.0,,,0
2026-03,Dept 3,Line 21,Cost,10905000.0,10483400.0,,,0
2026-03,Dept 4,Line 22,Cost,1932000.0,1875600.0,,,0
2026-03,Dept 5,Line 23,Cost,40000.0,36000.0,,,0
2026-03,Dept 6,Line 24,Cost,284000.0,316100.0,,,0
2026-03,Dept 1,Line 25,Cost,877000.0,767100.0,,,0
2026-03,Dept 2,Line 26,Cost,69000.0,66300.0,,,0
2026-03,Dept 3,Line 27,Cost,18226000.0,18491100.0,,,0
2026-03,Dept 4,Line 28,Cost,370000.0,353800.0,,,0
2026-03,Dept 5,Line 29,Cost,89000.0,116100.0,,,0
2026-03,Dept 6,Line 30,Cost,7426000.0,7875800.0,,,0
2026-04,Dept 1,Line 01,Revenue,95000.0,81100.0,,,0
2026-04,Dept 2,Line 02,Revenue,3165000.0,2995400.0,,,0
2026-04,Dept 3,Line 03,Revenue,2195000.0,1951800.0,,,1
2026-04,Dept 4,Line 04,Revenue,775000.0,793500.0,,,0
2026-04,Dept 5,Line 05,Revenue,134000.0,146000.0,,,0
2026-04,Dept 6,Line 06,Revenue,6290000.0,6247900.0,,,0
2026-04,Dept 1,Line 07,Cost,6963000.0,7091100.0,,,0
2026-04,Dept 2,Line 08,Cost,969000.0,897100.0,,,0
2026-04,Dept 3,Line 09,Cost,922000.0,919500.0,,,0
2026-04,Dept 4,Line 10,Cost,153000.0,163400.0,,,0
2026-04,Dept 5,Line 11,Cost,32000.0,34500.0,,,0
2026-04,Dept 6,Line 12,Cost,377000.0,352500.0,,,0
2026-04,Dept 1,Line 13,Cost,1576000.0,1585900.0,,,0
2026-04,Dept 2,Line 14,Cost,50000.0,67800.0,,,1
2026-04,Dept 3,Line 15,Cost,6337000.0,6419800.0,,,0
2026-04,Dept 4,Line 16,Cost,149000.0,145600.0,,,0
2026-04,Dept 5,Line 17,Cost,150000.0,139300.0,,,0
2026-04,Dept 6,Line 18,Cost,42000.0,52200.0,,,1
2026-04,Dept 1,Line 19,Cost,24713000.0,25214700.0,,,0
2026-04,Dept 2,Line 20,Cost,4387000.0,4421900.0,,,0
2026-04,Dept 3,Line 21,Cost,10905000.0,10778600.0,,,0
2026-04,Dept 4,Line 22,Cost,1932000.0,1939000.0,,,0
2026-04,Dept 5,Line 23,Cost,40000.0,42200.0,,,0
2026-04,Dept 6,Line 24,Cost,284000.0,287500.0,,,0
2026-04,Dept 1,Line 25,Cost,877000.0,748400.0,,,0
2026-04,Dept 2,Line 26,Cost,69000.0,72600.0,,,0
2026-04,Dept 3,Line 27,Cost,18226000.0,18481000.0,,,0
2026-04,Dept 4,Line 28,Cost,370000.0,333300.0,,,0
2026-04,Dept 5,Line 29,Cost,89000.0,118600.0,,,0
2026-04,Dept 6,Line 30,Cost,7426000.0,8860600.0,,,1
2026-05,Dept 1,Line 01,Revenue,95000.0,98500.0,,,0
2026-05,Dept 2,Line 02,Revenue,3165000.0,2918200.0,,,0
2026-05,Dept 3,Line 03,Revenue,2195000.0,2139800.0,,,0
2026-05,Dept 4,Line 04,Revenue,775000.0,813000.0,,,0
2026-05,Dept 5,Line 05,Revenue,134000.0,143600.0,,,0
2026-05,Dept 6,Line 06,Revenue,6290000.0,6486900.0,,,0
2026-05,Dept 1,Line 07,Cost,6963000.0,7469400.0,,,0
2026-05,Dept 2,Line 08,Cost,969000.0,911600.0,,,0
2026-05,Dept 3,Line 09,Cost,922000.0,1049000.0,,,0
2026-05,Dept 4,Line 10,Cost,153000.0,169400.0,,,0
2026-05,Dept 5,Line 11,Cost,32000.0,29600.0,,,0
2026-05,Dept 6,Line 12,Cost,377000.0,431800.0,,,0
2026-05,Dept 1,Line 13,Cost,1576000.0,1551400.0,,,0
2026-05,Dept 2,Line 14,Cost,50000.0,65000.0,,,1
2026-05,Dept 3,Line 15,Cost,6337000.0,6275600.0,,,0
2026-05,Dept 4,Line 16,Cost,149000.0,170900.0,,,0
2026-05,Dept 5,Line 17,Cost,150000.0,155600.0,,,0
2026-05,Dept 6,Line 18,Cost,42000.0,44000.0,,,0
2026-05,Dept 1,Line 19,Cost,24713000.0,25008700.0,,,0
2026-05,Dept 2,Line 20,Cost,4387000.0,4484700.0,,,0
2026-05,Dept 3,Line 21,Cost,10905000.0,11109600.0,,,0
2026-05,Dept 4,Line 22,Cost,1932000.0,1959700.0,,,0
2026-05,Dept 5,Line 23,Cost,40000.0,42300.0,,,0
2026-05,Dept 6,Line 24,Cost,284000.0,273100.0,,,0
2026-05,Dept 1,Line 25,Cost,877000.0,809600.0,,,0
2026-05,Dept 2,Line 26,Cost,69000.0,81000.0,,,0
2026-05,Dept 3,Line 27,Cost,18226000.0,18941200.0,,,0
2026-05,Dept 4,Line 28,Cost,370000.0,356800.0,,,0
2026-05,Dept 5,Line 29,Cost,89000.0,54200.0,,,1
2026-05,Dept 6,Line 30,Cost,7426000.0,7331100.0,,,0
2026-06,Dept 1,Line 01,Revenue,95000.0,68400.0,,,0
2026-06,Dept 2,Line 02,Revenue,3165000.0,2973700.0,,,0
2026-06,Dept 3,Line 03,Revenue,2195000.0,2274600.0,,,0
2026-06,Dept 4,Line 04,Revenue,775000.0,724800.0,,,0
2026-06,Dept 5,Line 05,Revenue,134000.0,117000.0,,,0
2026-06,Dept 6,Line 06,Revenue,6290000.0,6463200.0,,,0
2026-06,Dept 1,Line 07,Cost,6963000.0,7172900.0,,,0
2026-06,Dept 2,Line 08,Cost,969000.0,1038900.0,,,0
2026-06,Dept 3,Line 09,Cost,922000.0,902100.0,,,0
2026-06,Dept 4,Line 10,Cost,153000.0,173100.0,,,0
2026-06,Dept 5,Line 11,Cost,32000.0,26200.0,,,0
2026-06,Dept 6,Line 12,Cost,377000.0,402700.0,,,0
2026-06,Dept 1,Line 13,Cost,1576000.0,1633000.0,,,0
2026-06,Dept 2,Line 14,Cost,50000.0,48700.0,,,0
2026-06,Dept 3,Line 15,Cost,6337000.0,6422700.0,,,0
2026-06,Dept 4,Line 16,Cost,149000.0,166700.0,,,0
2026-06,Dept 5,Line 17,Cost,150000.0,148900.0,,,0
2026-06,Dept 6,Line 18,Cost,42000.0,58400.0,,,1
2026-06,Dept 1,Line 19,Cost,24713000.0,25369800.0,,,0
2026-06,Dept 2,Line 20,Cost,4387000.0,4407000.0,,,0
2026-06,Dept 3,Line 21,Cost,10905000.0,10609100.0,,,0
2026-06,Dept 4,Line 22,Cost,1932000.0,1870400.0,,,0
2026-06,Dept 5,Line 23,Cost,40000.0,28200.0,,,0
2026-06,Dept 6,Line 24,Cost,284000.0,312300.0,,,0
2026-06,Dept 1,Line 25,Cost,877000.0,927800.0,,,0
2026-06,Dept 2,Line 26,Cost,69000.0,75700.0,,,0
2026-06,Dept 3,Line 27,Cost,18226000.0,17814300.0,,,0
2026-06,Dept 4,Line 28,Cost,370000.0,359300.0,,,0
2026-06,Dept 5,Line 29,Cost,89000.0,105600.0,,,0
2026-06,Dept 6,Line 30,Cost,7426000.0,7171800.0,,,0
