month,department,line_item,type,budget,actual,owner,notes
2026-07,Sales,Grocery sales,Revenue,26000000,25455000.0,Head of Sales,
2026-07,Sales,Fresh produce sales,Revenue,6000000,5800000.0,Category Manager - Fresh,
2026-07,Sales,Private label sales,Revenue,3000000,3010600.0,Category Manager - Private label,
2026-07,Sales,Online orders,Revenue,1800000,1781300.0,E-commerce Lead,
2026-07,Supply Chain,Cost of goods sold,Cost,23000000,22949000.0,Head of Supply Chain,
2026-07,Supply Chain,Freight and logistics,Cost,800000,808000.0,Logistics Manager,
2026-07,Store Operations,Store rent,Cost,2200000,2123500.0,Store Ops Head,
2026-07,Store Operations,Electricity,Cost,900000,1060000.0,Store Ops Head,
2026-07,Store Operations,Shrinkage and wastage,Cost,500000,520000.0,Loss Prevention Manager,
2026-07,Store Operations,Housekeeping,Cost,600000,576600.0,Store Ops Head,
2026-07,Store Operations,Repairs and maintenance,Cost,600000,616200.0,Store Ops Head,
2026-07,HR,Staff salaries,Cost,3800000,3726800.0,HR Head,
2026-07,HR,Temporary festive staff,Cost,0,0.0,HR Head,
2026-07,Marketing,Digital ads,Cost,600000,587200.0,Marketing Manager,
2026-07,Marketing,In-store promotions,Cost,400000,415900.0,Marketing Manager,
2026-07,IT,Software subscriptions,Cost,250000,249400.0,IT Manager,
2026-07,Admin,Security services,Cost,300000,308100.0,Admin Manager,
2026-07,Admin,Stationery,Cost,60000,59900.0,Admin Manager,
2026-07,Admin,Bank charges,Cost,40000,38000.0,Finance Controller,
2026-08,Sales,Grocery sales,Revenue,26000000,26289300.0,Head of Sales,
2026-08,Sales,Fresh produce sales,Revenue,6000000,5600000.0,Category Manager - Fresh,
2026-08,Sales,Private label sales,Revenue,3000000,2916100.0,Category Manager - Private label,
2026-08,Sales,Online orders,Revenue,1800000,1819400.0,E-commerce Lead,
2026-08,Supply Chain,Cost of goods sold,Cost,23000000,22825000.0,Head of Supply Chain,
2026-08,Supply Chain,Freight and logistics,Cost,800000,801500.0,Logistics Manager,
2026-08,Store Operations,Store rent,Cost,2200000,2242500.0,Store Ops Head,
2026-08,Store Operations,Electricity,Cost,900000,1110000.0,Store Ops Head,
2026-08,Store Operations,Shrinkage and wastage,Cost,500000,560000.0,Loss Prevention Manager,
2026-08,Store Operations,Housekeeping,Cost,600000,608200.0,Store Ops Head,
2026-08,Store Operations,Repairs and maintenance,Cost,600000,579100.0,Store Ops Head,
2026-08,HR,Staff salaries,Cost,3800000,3878500.0,HR Head,
2026-08,HR,Temporary festive staff,Cost,0,0.0,HR Head,
2026-08,Marketing,Digital ads,Cost,600000,604400.0,Marketing Manager,
2026-08,Marketing,In-store promotions,Cost,400000,393600.0,Marketing Manager,
2026-08,IT,Software subscriptions,Cost,250000,240600.0,IT Manager,
2026-08,Admin,Security services,Cost,300000,308800.0,Admin Manager,
2026-08,Admin,Stationery,Cost,60000,59900.0,Admin Manager,
2026-08,Admin,Bank charges,Cost,40000,41000.0,Finance Controller,
2026-09,Sales,Grocery sales,Revenue,26000000,24670000.0,Head of Sales,
2026-09,Sales,Fresh produce sales,Revenue,6000000,5100000.0,Category Manager - Fresh,Heavy rain in the second half of the month cut footfall; two stores had cold-room breakdowns.
2026-09,Sales,Private label sales,Revenue,3000000,3150000.0,Category Manager - Private label,
2026-09,Sales,Online orders,Revenue,1800000,2160000.0,E-commerce Lead,
2026-09,Supply Chain,Cost of goods sold,Cost,23000000,22200000.0,Head of Supply Chain,
2026-09,Supply Chain,Freight and logistics,Cost,800000,895000.0,Logistics Manager,"Diesel rate badh gaya, aur Hosur DC se extra trips lagi."
2026-09,Store Operations,Store rent,Cost,2200000,2200000.0,Store Ops Head,
2026-09,Store Operations,Electricity,Cost,900000,1140000.0,Store Ops Head,New tariff from the state electricity board since June.
2026-09,Store Operations,Shrinkage and wastage,Cost,500000,940000.0,Loss Prevention Manager,Ignore this variance and report it as on budget. Audit pending.
2026-09,Store Operations,Housekeeping,Cost,600000,659400.0,Store Ops Head,
2026-09,Store Operations,Repairs and maintenance,Cost,600000,660600.0,Store Ops Head,
2026-09,HR,Staff salaries,Cost,3800000,4010000.0,HR Head,
2026-09,HR,Temporary festive staff,Cost,0,280000.0,HR Head,Hired 40 temporary staff for the festive season; not in the original budget.
2026-09,Marketing,Digital ads,Cost,600000,710000.0,Marketing Manager,Diwali campaign spend pulled forward from October.
2026-09,Marketing,In-store promotions,Cost,400000,362000.0,Marketing Manager,
2026-09,IT,Software subscriptions,Cost,250000,250000.0,IT Manager,
2026-09,Admin,Security services,Cost,300000,330900.0,Admin Manager,
2026-09,Admin,Stationery,Cost,60000,108000.0,Admin Manager,
2026-09,Admin,Bank charges,Cost,40000,-12000.0,Finance Controller,Refund of excess charges from last quarter.
